¿Qué significa esta señal?;Vía reservada para automóviles.;Calzada obligatoria para automóviles, excepto motocicletas sin sidecar.;Calzada obligatoria para automóviles.;Vía reservada para automóviles.
El chaleco reflectante. ¿Cuándo es obligatorio ponérselo?;Cuando salgo del vehículo en vías urbanas.;Cuando salgo del vehículo en autopistas y autovías solamente.;Cuando salgo del vehículo en vías interurbanas.;Cuando salgo del vehículo en vías interurbanas.
El vehículo rojo va a girar a la izquierda. ¿Puede circular por el arcén para adelantarlo por la derecha?;No, porque está prohibido circular por el arcén.;No, porque el camión no me deja ver.;Sí, porque es una intersección con prioridad.;No, porque está prohibido circular por el arcén.
Este ciclista...;debería circular lo más cerca posible del eje central de la calzada.;circula correctamente.;debería circular lo más cerca posible del eje central de la calzada.;circula correctamente.
Esta señal prohibe...;el estacionamiento los días impares, en el lado de la calzada \nen que está situada la señal.;el estacionamiento, pero sólo en los días pares.;la parada.;el estacionamiento los días impares, en el lado de la calzada \nen que está situada la señal.
La inscripción BUS dentro de un carril indica que es...;un carril destinado al estacionamiento de autobuses.;un carril reservado para la circulación de autobuses.;una zona de la vía reservada sólo a turismos y autobuses.;un carril reservado para la circulación de autobuses.
Con niebla densa, ¿qué luces antiniebla está obligado a utilizar un turismo?;La luz antiniebla trasera solamente.;La luz antiniebla trasera y la delantera si la tiene instalada.;La luz antiniebla delantera y la luz de largo alcance.;La luz antiniebla trasera solamente.
Si se realiza una reforma de importancia en el vehículo, ¿qué trámites se deben realizar?;Presentar el vehículo a inspección técnica extraordinaria antes de \nvolver a circular.;No es necesario realizar ninguna inspección, hasta que corresponda \npor razón de la antigüedad del vehículo.;No es necesario realizar una inspección técnica extraordinaria si la \nreforma se ha realizado en un taller autorizado.;Presentar el vehículo a inspección técnica extraordinaria antes de \nvolver a circular.
La señales de obras...;tienen el mismo significado que las usadas en tramos sin obras.;tienen distinto símbolo y tamaño que las usadas en tramos sin obras.;establecen para los tramos de obras una reducción de la velocidad \nmáxima en 10 km/h.;tienen el mismo significado que las usadas en tramos sin obras.
Este panel se coloca debajo de una señal de peligro para indicar...;la longitud del tramo peligroso.;la distancia a la que comienza el peligro.;la distancia a la que termina el peligro.;la distancia a la que comienza el peligro.
¿Cuál es la función del sistema antibloqueo de frenos ABS?;Evita el bloqueo de las ruedas sólo en calzadas secas.;Hace que los neumáticos se desgasten menos.;Impide el bloqueo de las ruedas durante el frenado.;Impide el bloqueo de las ruedas durante el frenado.
¿Qué indica este panel bajo la señal de ceda el paso?;El lugar en el que hay que detenerse en la próxima intersección.;El sitio exacto donde hay que ceder el paso en la próxima intersección.;La distancia a la que se encuentra la señal de stop en la próxima intersección.;La distancia a la que se encuentra la señal de stop en la próxima intersección.
¿Es obligatorio llevar un extintor de incendios en un turismo destinado al servicio privado?;Sí.;No.;Sí, cuando transporte a más de 5 personas incluido el conductor.;No.
En un autobús cuyos asientos disponen de cinturón de seguridad es obligatorio que lo utilicen...;sólo los pasajeros mayores de tres años de edad, además del conductor.;todos los pasajeros.;sólo el conductor.;sólo los pasajeros mayores de tres años de edad, además del conductor.
Los conductores deben ceder el paso a los animales...;únicamente en las cañadas debidamente señalizadas.;siempre que se crucen sus trayectorias.;cuando vayan a girar con su vehículo para entrar en otra vía y \nhaya animales cruzándola, aunque no exista paso para éstos.;cuando vayan a girar con su vehículo para entrar en otra vía y \nhaya animales cruzándola, aunque no exista paso para éstos.
Circula de noche con las luces largas encendidas. Ve peatones en el arcén. ¿Está obligado a cambiar la luz larga por la corta?;No es necesario.;Sí, pero solamente en los tramos rectos.;Sí, para no deslumbrar;Sí, para no deslumbrar
Si circula en esta vía con tráfico denso, no puede cambiar de carril para ...;salir de la calzada.;adelantar.;girar a la derecha.;adelantar.
En esta vía, ¿a qué velocidad mínima está permitido circular con un turismo?;90 km/h.;A 45 km/h.;A 40 km/h.;A 45 km/h.
Un vehículo circula por el carril izquierdo, ¿está permitido adelantarle por la derecha?;No, el adelantamiento siempre se realizará por la izquierda.;Sí, siempre que haya varios carriles en el mismo sentido.;Sí, cuando los carriles están delimitados y la vía está dentro de poblado.;Sí, cuando los carriles están delimitados y la vía está dentro de poblado.
¿Qué indica esta señal?;Que en el carril central y en el izquierdo se deberá circular a 70 km/h como\n mínimo.;Que en el carril central y en el izquierdo está prohibido circular a más de 70 km/h.;Que en el carril de la derecha no se debe sobrepasar la velocidad de 70 km/h.;Que en el carril central y en el izquierdo se deberá circular a 70 km/h como\n mínimo.
¿Es recomendable regular y adaptar los reposacabezas del vehículo a la constitución física de los ocupantes?;Sí, porque es un elemento de seguridad que puede evitar lesiones en la zona cervical.;No es necesario porque es sólo un elemento de confort.;Sí, pero sólo en vías urbanas.;Sí, porque es un elemento de seguridad que puede evitar lesiones en la zona cervical.
Al auxiliar a una víctima de un accidente de tráfico, ¿debe darle alimentos o bebidas?;Sí, si lo piden.;No.;Alimentos no, pero bebidas sí.;No.
La señal ...;reitera la información dada por otra señal de peligro anterior.;indica la proximidad de un peligro distinto de los advertidos por otras señales.;indica la proximidad de un tramo con tráfico denso.;indica la proximidad de un peligro distinto de los advertidos por otras señales.
¿A qué velocidad máxima tiene permitido circular una autocaravana en una autovía?;A 120 km/h.;A 90 km/h.;A 100 km/h, pudiendo superarla en 20 km/h para adelantar.;A 120 km/h.
¿Qué indican estas marcas viales?;Prohibición de estacionar.;Zona de estacionamiento de duración limitada.;Zona de estacionamiento.;Zona de estacionamiento de duración limitada.
Las distracciones al volante...;causan muy pocos accidentes.;no causan accidentes.;causan una gran cantidad de accidentes.;causan una gran cantidad de accidentes.
Un camión, ¿puede entrar en una vía con esta señal?;Sí, en cualquier caso.;No, tiene siempre prohibido el paso.;Sí, siempre que no supere los 5.500 kilogramos de masa máxima autorizada.;Sí, siempre que no supere los 5.500 kilogramos de masa máxima autorizada.
En una zona señalizada para carga y descarga, ¿está permitido estacionar?;Sí, en cualquier caso.;No.;Sí, pero sólo fuera de las horas de utilización.;Sí, pero sólo fuera de las horas de utilización.
Si sobre el carril por el que circula hay un semáforo cuadrado con una flecha verde, ¿debe obedecer una señal de stop o de ceda el paso?;No, porque la flecha verde da prioridad de paso.;Sí.;No, porque el semáforo tiene prioridad sobre las señales verticales.;Sí.
Los asientos de un camión tienen cinturones de seguridad, ¿está obligado el conductor a utilizarlo?;No, en vías fuera de poblado.;No, en ningún tipo de vía.;Sí, en todas las vías.;Sí, en todas las vías.
¿Qué circunstancias del conductor favorecen la aparición de la fatiga?;Mantener una velocidad adecuada durante mucho tiempo, ya que requiere \nmucha concentración.;Conducir manteniendo los hábitos normales de conducción.;Conducir durante largos periodos sin parar o hacer descansos inadecuados.;Conducir durante largos periodos sin parar o hacer descansos inadecuados.
Si vende su vehículo ¿Debe comunicarlo a la prefectura de tráfico?;Sí, pero no hay un periodo obligatorio para comunicar la venta.;Sí. Ha de comunicar la venta en el plazo de 10 días e indicar los datos \ndel nuevo titular.;No. El nuevo titular es el que ha de comunicar la compra.;Sí. Ha de comunicar la venta en el plazo de 10 días e indicar los datos del nuevo titular.
Un vehículo prioritario circula haciendo uso únicamente de las señales luminosas especiales, ¿es obligatorio facilitarle el paso?;No, si no utiliza también las señales acústicas especiales.;Sí, porque circula en servicio urgente.;No, en ningún caso.;Sí, porque circula en servicio urgente.
¿De qué tipo es la señal vertical de cadenas para nieve?;Señal de entrada prohibida;Señal de obligación;Señal de prioridad;Señal de obligación
¿Qué significado tienen las señales circulares de color rojo?;Prohibición;Precaución;Paso permitido;Prohibición
¿Qué prohibe la señal de media vuelta prohibida?;Dar un giro de 360 grados con el vehículo;Cambiar el sentido de la marcha;Girar a la izquierda;Cambiar el sentido de la marcha
¿Pueden los agentes inmovilizar un vehículo que supere los límites de humo establecidos?;No, cuando el vehículo es antiguo.;Sí.;No, cuando circula por carreteras.;Sí.
¿Cuándo debe llevar un conductor puesto el chaleco reflectante?;Cuando salga del vehículo y ocupe la calzada en vía únicamente urbana;Cuando salga del vehículo y ocupe la calzada en todo tipo de vías;Cuando salga del vehículo y ocupe la calzada en vía interurbana;Cuando salga del vehículo y ocupe la calzada en vía interurbana
¿Pueden los ciclistas, ir por el carril de la derecha en una carretera con desnivel y curvas?;Pueden utilizar el carril entero.;No, siempre deben utilizar el arcén.;Sí.;Sí.
El vehículo que aparece en la foto está destinado…;a servicios;a obras;a tareas agrícolas;a servicios
Circulando por autovía, un vehículo destinado al transporte de mercancías peligrosas sufre una avería, ¿es correcto que un turismo lo remolque?;Sí, pero solamente hasta el taller más cercano.;Sí, pero no está permitido remolcar a un vehículo más de 100 kilómetros.;No, está prohibido.;No, está prohibido.
¿Cuál es la función del sistema de refrigeración de un motor?;Ventilar el habitáculo del vehículo;Canalizar el aire acondicionado del automóvil;Retirar parte del calor que se produce en un motor;Retirar parte del calor que se produce en un motor
¿Cómo se denomina al espacio en que los usuarios de la vía se pueden desplazar de modo imprevisto?;Zona de vigilancia;Zona de incertidumbre;Zona de mayor observancia;Zona de incertidumbre
Para hacer la respiración boca-boca a un herido, ¿qué debe hacer primero?;Limpiar y abrir las vías respiratorias.;Taparle la nariz.;Colocar al herido en posición de defensa.;Limpiar y abrir las vías respiratorias.
¿De qué color es el fondo de las señales que reglamentan las zonas de obras?;Rojo;Blanco;Amarillo;Amarillo
¿La no aceptación de una sanción por conducir ebrio, puede suponer la perdida de puntos en el permiso?;Únicamente conllevará una multa económica pero no la pérdida de puntos;No, en ningún caso;Sí;Sí
¿Cómo se puede ahorrar combustible?;Cambiando a una marcha más baja tan pronto como sea posible.;Cambiando a una marcha más alta tan pronto como sea posible.;Revolucionando al máximo el motor.;Cambiando a una marcha más alta tan pronto como sea posible.
Debido a una avería circula por una autopista a 50 Km/h y dificulta la circulación. ¿Qué debe hacer?;Inmovilizar siempre el vehículo en el arcén.;Circular por el arcén y abandonar la vía por la primera salida.;Circular por el carril derecho.;Circular por el arcén y abandonar la vía por la primera salida.
¿Deben los ciclomotores de dos ruedas llevar luz de corto alcance?;No;Únicamente en vías fuera de poblado;Si, de forma obligatoria;Si, de forma obligatoria
¿Cómo deben estar los neumáticos cuando se comprueba su presión?;Calientes;Deshinchados;Fríos;Fríos
¿Cómo debe sentarse un pasajero en una motocicleta?;A horcajadas y con los pies apoyados en los reposapiés laterales, tanto dentro como fuera de poblado;De cualquier maneras siempre que vaya cómodo.;A horcajadas y con los pies apoyados en los reposapiés laterales, sólo cuando circule por vías urbanas.;A horcajadas y con los pies apoyados en los reposapiés laterales, tanto dentro como fuera de poblado.
¿Cada cuanto tiempo debe pasar la inspección de I.T,V un turismo privado de más de 10 años?;Cada 6 meses;Cada año;Cada 2 años;Cada año
Si por una emergencia queda inmovilizado con su vehículo dentro de un túnel…;Debe apagar el motor, conectar la señal de emergencia y dejar encendidas \nlas luces de posición.;Debe conectar la señal de emergencia y tocar el claxon.;Debe conectar la señal de emergencia y dejar encendidas las luces de cruce.;Debe apagar el motor, conectar la señal de emergencia y dejar encendidas \nlas luces de posición.
Las personas que beben y conducen…;Son menos agresivas.;Pueden responder de una manera agresiva y descortés.;Son menos sensibles a los deslumbramientos.;Pueden responder de una manera agresiva y descortés.
El efecto “submarino“ ocurre especialmente...;Debido a una presión deficiente de los neumáticos.;A causa del consumo de alcohol y drogas.;A causa de un mal uso del cinturón de seguridad o del asiento del vehículo.;A causa de un mal uso del cinturón de seguridad o del asiento del vehículo.
Se encuentra en una intersección sin señales de prioridad. ¿A qué vehículos deberá ceder el paso?;A todos los vehículos que se acerquen de frente.;A los vehículos que se acerquen por su derecha.;No se deberá ceder el paso a ningún vehículo.;A los vehículos que se acerquen por su derecha.
El uso de teléfonos móviles durante la conducción ¿conduce a un mayor riesgo de accidente?;Sí.;Sí pero únicamente cuando se escriben SMS;Únicamente cuando se esté marcando el número.;Sí.
¿Cuál de éstas luces sirven para cumplir la regla de VER en un vehículo?;Luz de corto alcance o cruce;Luz de frenado;Luz de gálibo;Luz de corto alcance o cruce
¿Qué tanto por ciento de muertes evita el cinturón de seguridad cuando se circula a gran velocidad?;Un 1%;Un 40%;Un 10%;Un 40%
¿Qué indica la señal vertical de intervalo aconsejado de velocidades?;Dos velocidades, la mínima de las cuales nunca deberemos rebasar;Dos velocidades entre las que está recomendado circular;Dos velocidades, la mayor de las cuales se debe superar en 20 km/hora;Dos velocidades entre las que está recomendado circular
¿Qué significa esta señal?;Peligro por la proximidad de un paso a nivel sin barreras.;Peligro por la proximidad de un paso a nivel con barreras.;Peligro por la presencia inmediata de un paso a nivel sin barreras.;Peligro por la presencia inmediata de un paso a nivel sin barreras.
Al llegar a una glorieta encontramos esta señal, ¿qué debemos hacer si pretendemos cambiar de dirección a la izquierda?;No podemos realizar el cambio de dirección a la izquierda por estar prohibido.;Giraremos dejando la glorieta a nuestra izquierda.;Giraremos dejando la glorieta a nuestra derecha.;Giraremos dejando la glorieta a nuestra izquierda.
¿Cómo señalizaremos una carga que sobresale por la parte trasera en un turismo?;En un turismo la carga no puede sobresalir por detrás.;Con el panel reglamentario para cargas que sobresalen.;Con un trapo de color vivo.;Con el panel reglamentario para cargas que sobresalen.
Esta señal ¿a qué vehículos va dirigida?;A los vehículos de motor.;A toda clase de vehículos.;A los vehículos de motor excepto motocicletas.;A toda clase de vehículos.
Si nos encontramos detenidos en el interior de un túnel por congestión del tráfico, ¿qué luces deberemos mantener encendidas?;Las de posición y las de corto alcance.;Las de posición y las de emergencia.;Sólo las de posición.;Las de posición y las de emergencia.
Si un vehículo circula por esta vía a 90 km/h, ¿lo está haciendo a una velocidad adecuada?;Sí, ya que es la máxima permitida.;No.;No, ya que es excesiva debido a las circunstancias.;No, ya que es excesiva debido a las circunstancias.
Si en su vehículo pretende transportar una carga que no cabe en el interior del maletero, ¿podrá circular con el portón abierto?;Sí.;No.;Sí, si la carga no sobresale más de un 10%.;No.
¿A qué velocidad máxima podremos circular por una carretera convencional con dos carriles en nuestro sentido?;100 km/h.;90 km/h.;90 km/h más 20 km/h para adelantar.;90 km/h.
¿Podemos efectuar una parada en un carril BUS con nuestro turismo?;Sí, siempre que sea inferior a los 2 minutos.;No.;Sí, para descargar pasajeros.;No.
Circulando con lluvia muy intensa, ¿es obligatorio utilizar el alumbrado antiniebla posterior?;No, sólo es opcional.;Sí.;Sí, y además también será obligatorio el delantero antiniebla.;Sí.
¿Podremos utilizar el teléfono móvil sin un dispositivo de manos libres?;Sí, cuando nos encontremos detenidos.;Sí, cuando no existan otros vehículos en la vía.;No.;No.
¿Cómo actuaremos si al detenernos ante una línea transversal no tenemos suficiente visibilidad de la circulación transversal \ndebido a unas obras?;Pasaremos extremando la precaución.;Nos asomaremos para volver a detenernos en el punto en el que \ndispongamos de suficiente visibilidad.;Nos asomaremos lentamente sin tener que realizar otra detención, \npasando cuando no venga nadie.;Nos asomaremos para volver a detenernos en el punto en el que \ndispongamos de suficiente visibilidad.
¿A qué velocidad podremos circular por una autopista urbana?;120 km/h.;50 km/h.;80 km/h.;80 km/h.
¿Se pueden transportar a más personas de las autorizadas en el vehículo?;Sí, si no se sobrepasa la masa máxima del vehículo.;Sí, si no afecta la visibilidad del conductor.;No.;No.
A la vista de esta señal, ¿qué distancia debemos mantener con el vehículo que nos precede?;100 metros como mínimo.;150 metros como mínimo.;La que permita frenar sin colisionar con el vehículo que nos precede.;La que permita frenar sin colisionar con el vehículo que nos precede.
La carga que sobresalga por detrás en un turismo, ¿deberá ser señalizada?;Sí, y cuando sea necesario también la señalizaremos con una luz roja.;No, en los turismos no hace falta señalizar la carga.;No deberá señalizarse si la carga sobresale menos de un 10%.;Sí, y cuando sea necesario también la señalizaremos con una luz roja.
¿Es aconsejable comer algo antes de salir de viaje?;No.;Sí, comidas que no sean copiosas y sin alcohol.;Sí, comer mucho para no tener que parar durante el viaje.;Sí, comidas que no sean copiosas y sin alcohol.
Si con anterioridad hemos encontrado una señal de limitación de velocidad, a partir de esta señal...;Finaliza la prohibición de velocidad.;Continúa la prohibición de velocidad.;Empieza una prohibición nueva.;Continúa la prohibición de velocidad.
Un conductor, ¿a qué condiciones estará sujeto durante el primer año después de la obtención de su primer permiso de conducir?;No circular por autopistas y autovías.;Deberá llevar la placa "L" y no exceder la velocidad de 80 km/h.;Deberá llevar la placa "L".;Deberá llevar la placa "L".
Al llegar a esta intersección, ¿qué señalización debemos respetar?;La señal de STOP, porque es la más restrictiva.;La señal de ceda el paso, porque las señales verticales prevalecen sobre \nlas marcas viales.;Si cambio de dirección a la derecha respetaré el ceda el paso. Si sigo \nde frente o giro a la izquierda respetaré el STOP.;La señal de ceda el paso, porque las señales verticales prevalecen sobre \nlas marcas viales.
¿Cuándo será más resbaladizo el firme de la calzada?;Cuando esté lloviendo intensamente durante mucho tiempo.;Cuando empiece a llover después de mucho tiempo sin hacerlo.;Cuando la calzada esté situada fuera de poblado.;Cuando empiece a llover después de mucho tiempo sin hacerlo.
¿Puede un conjunto de vehículos que mide más de 7 metros circular por el tercer carril en una vía dentro de poblado?;Sí, puede ir por el que mejor convenga a su destino.;No, sólo podrá circular por el primero y el segundo carril.;Ha de circular obligatoriamente por la derecha.;Sí, puede ir por el que mejor convenga a su destino.
Esta señal indica...;Parada de autobuses.;Carril reservado para autobuses.;Estación de autobuses.;Carril reservado para autobuses.
Si un herido tiene las vías respiratorias obstruidas, ¿qué haremos?;Ponerlo en posición semisentado.;Hacerle la respiración boca a boca.;Retirarle de la boca lo que provoca la obstrucción.;Retirarle de la boca lo que provoca la obstrucción.
¿Cuál es el tipo de accidente con víctimas mortales más usual dentro de poblado?;Colisión por alcances traseros.;Colisiones frontales.;Atropello a peatones.;Atropello a peatones.
Si en la calzada no hay marcas viales longitudinales, ¿cuántos carriles tendrá?;Uno para cada sentido.;Tantos como vehículos automóviles que no sean motocicletas quepan en paralelo.;Los que creamos convenientes.;Tantos como vehículos automóviles que no sean motocicletas quepan en paralelo.
¿Cuál será la velocidad máxima circulando en esta vía?;90 km/h.;100 km/h.;110 km/h.;90 km/h.
Si aumentamos la velocidad de 55 km/h a 110 km/h, ¿habremos aumentado también la distancia de frenado?;Sí, en igual proporción.;Sí, en mayor proporción.;No, la distancia de frenado no depende de la velocidad.;Sí, en mayor proporción.
El vehículo azul está efectuando un cambio de sentido, ¿qué trayectoria será la correcta?;La trayectoria de la flecha amarilla.;La trayectoria de la flecha roja.;Las dos trayectorias son correctas.;Las dos trayectorias son correctas.
¿Qué significa esta señal?;Prioridad al sentido contrario.;Prioridad en mi sentido.;Circulación en los dos sentidos.;Circulación en los dos sentidos.
Si nuestro vehículo no dispone de buena visibilidad trasera porqué el equipaje impide ver a través de la luneta trasera, \n¿cuántos espejos llevaremos?;Dos exteriores.;Uno interior y el exterior derecho.;Uno interior y el exterior izquierdo.;Dos exteriores.
¿Qué indica esta cuadrícula de marcas amarillas?;Prohíbe parar y estacionar encima de estas marcas viales.;Recuerda que no se tiene que penetrar en la intersección si previsiblemente \npodemos quedar detenidos y obstruir la circulación transversal.;Indican el lugar donde empieza una zona de frenado de emergencia.;Recuerda que no se tiene que penetrar en la intersección si previsiblemente \npodemos quedar detenidos y obstruir la circulación transversal.
¿Durante la noche se podrá circular únicamente con el alumbrado de posición?;Sí, en vías dentro de poblado suficientemente iluminadas.;No, irá siempre acompañada como mínimo del alumbrado de corto alcance \no cruce.;Sí, ocasionalmente cuando se estropee el alumbrado de corto alcance.;No, irá siempre acompañada como mínimo del alumbrado de corto alcance \no cruce.
¿Por dónde circulará una bicicleta por una vía urbana?;Por el arcén, si éste mide más de 4 metros.;Por el carril bici si lo hubiese.;Por el arcén.;Por el carril bici si lo hubiese.
¿Deberán llevar el cinturón de seguridad los pasajeros de los asientos posteriores?;Sí, fuera de poblado pero no dentro de poblado.;Sí, en autopistas y autovías, pero no en las demás vías.;Sí, en todas las vías.;Sí, en todas las vías.
Si su vehículo se avería en la autopista y tiene que circular a velocidad inferior a 60 km/h, ¿por dónde lo hará?;Por la calzada puesto que no perturbo gravemente la circulación.;Por el arcén.;No podría circular tendría que pararme.;Por la calzada puesto que no perturbo gravemente la circulación.
Si su vehículo dispone de una batería de las denominadas "sin mantenimiento", ¿deberá tener algún cuidado con ella?;No, puesto que es sin mantenimiento.;Sí, limpiar los bornes y protegerlos con grasa.;Sí, cubrir las placas con agua destilada.;Sí, limpiar los bornes y protegerlos con grasa.
¿Qué función tiene el reposacabezas del asiento de su vehículo?;Tener mayor comodidad durante los viajes largos y poder estar más \ntiempo conduciendo sin parar.;Evitar el latigazo cervical en las colisiones por alcance.;Evitar que la cabeza se desplace mientras conducimos.;Evitar el latigazo cervical en las colisiones por alcance.
¿Qué le indica esta señal?;Congestión.;Visibilidad reducida.;Pavimento deslizante por hielo o nieve.;Visibilidad reducida.
Con los frenos mojados a consecuencia de una lluvia intensa...;Disminuirá la distancia de frenado.;Aumentará la distancia de frenado.;Que se mojen los frenos no afecta a su eficacia.;Aumentará la distancia de frenado.
¿Circulamos correctamente si lo hacemos a velocidad inferior a 45 km/h por esta carretera?;Sí, porque es una carretera muy estrecha.;No, la velocidad mínima es de 45 km/h.;Sí, porque circulamos a la mínima velocidad permitida.;No, la velocidad mínima es de 45 km/h.
¿Se podrán realizar competiciones en circuito urbano?;Sí, en el espacio comprendido entre un vehículo de la autoridad con \nbandera roja y uno de cierre con bandera verde.;No, en ningún caso se podrán realizar pruebas deportivas en la vía pública.;Sí, teniendo precaución con los demás usuarios de la vía.;Sí, en el espacio comprendido entre un vehículo de la autoridad con \nbandera roja y uno de cierre con bandera verde.
Si circulamos durante la noche con un camión en el que sobresale la carga tanto por delante como por detrás, ¿cómo lo señalizaremos?;Con una luz roja por detrás y una blanca por delante.;Con una luz roja por detrás, una blanca por delante y un panel \nreglamentario de 50 centímetros de lado.;Sólo con la luz roja por la parte posterior, más el panel \nreglamentario de 50 centímetros de lado.;Con una luz roja por detrás, una blanca por delante y un panel \nreglamentario de 50 centímetros de lado.
Si circula con su turismo durante la noche por una vía interurbana insuficientemente iluminada y a menos de 40 km/h, \n¿qué alumbrado deberá llevar encendido?;El de largo alcance.;El de corto alcance.;Opcionalmente el de largo o corto alcance.;Opcionalmente el de largo o corto alcance.
Si por necesidades de la circulación su vehículo queda detenido en un paso inferior deberá...;Apagar el motor, conectar la señal de emergencia y mantener encendidas \nlas luces de posición.;Abandonar el vehículo dirigiéndome rápidamente al refugio o salida \nmás próxima.;Apagar todos los sistemas eléctricos.;Apagar el motor, conectar la señal de emergencia y mantener encendidas \nlas luces de posición.
¿Se podrá adelantar en un paso para peatones?;No, en ningún caso.;Sí, si la vía es de sentido único.;Sí, cuando el adelantamiento se realice a velocidad tan suficientemente \nreducida que permita detenerme a tiempo si surge un peligro.;Sí, cuando el adelantamiento se realice a velocidad tan suficientemente \nreducida que permita detenerme a tiempo si surge un peligro.
¿Qué significa esta señal?;Proximidad de paso a nivel.;Proximidad de paso a nivel sin barreras.;Proximidad de paso a nivel con barreras.;Proximidad de paso a nivel.
¿Un conductor novel puede llevar cortinillas oscuras en el cristal posterior del vehículo?;Sí.;No.;Sí, llevando dos retrovisores exteriores, uno a la derecha y otro a la izquierda.; Sí, llevando dos retrovisores exteriores, uno a la derecha y otro a la izquierda.
¿La lluvia afecta a la conducción?;Circulando en una motocicleta sí, circulando en un turismo no.;Sí, aumenta el tiempo de reacción.;Sí, aumenta la distancia de frenado.;Sí, aumenta la distancia de frenado.
¿Qué vehículos podrán usar un carril así señalizado?;Todos los vehículos.;Sólo los de transporte colectivo.;Los autobuses y las motocicletas.;Sólo los de transporte colectivo.
Esta señal...;Obliga a encender las luces de corto alcance como mínimo.;Obliga a encender las luces de corto alcance hasta haber rebasado el túnel.;Obliga a encender las luces de carretera.;Obliga a encender las luces de corto alcance como mínimo.
Dos luces rojas intermitentes antes de un paso a nivel, ¿qué indican?;Que tengo que pasar rápidamente.;Prohibición temporal de paso.;Puedo pasar pero extremando la precaución.;Prohibición temporal de paso.
¿Qué indica esta señal?;Salida por la derecha a 300 metros.;Salida por la izquierda a 300 metros.;Salida a 300 metros.;Salida por la derecha a 300 metros.
¿Cómo pasarán los peatones por una glorieta?;Atravesándola por la calzada.;Perpendicularmente al eje de la calzada.;La rodearán.;La rodearán.
La luz de matrícula, ¿deberá encenderse conjuntamente con el resto de las luces?;Sólo con el alumbrado de corto alcance o de cruce.;Se encenderá simultáneamente con el alumbrado de posición.;Se encenderá con un interruptor independiente situado en el salpicadero.;Se encenderá simultáneamente con el alumbrado de posición.
Si encontramos un semáforo en rojo a la entrada de un túnel, ¿qué haremos?;Pasar con precaución.;Pasar cediendo el paso.;Detenernos.;Detenernos.
Si dos vehículos se cruzan en una curva llevando encendido el alumbrado de largo alcance, ¿cuál de los dos cambiará antes a corto alcance?;El que circula por la parte exterior de la curva.;El que circula por la parte interior de la curva.;Ninguno de los dos.;El que circula por la parte interior de la curva.
¿Qué significa esta señal?;Peligro por la proximidad de niños que tienen preferencia.;Peligro por la proximidad de un lugar frecuentado por niños.;Peligro por la proximidad de un paso para peatones.;Peligro por la proximidad de un lugar frecuentado por niños.
Un agente que balancea una luz roja o amarilla, ¿qué nos indica?;Que conduzcamos con precaución.;Que existe un peligro.;Obliga a detenerse a todos los usuarios de la vía hacia los que dirija la luz.;Obliga a detenerse a todos los usuarios de la vía hacia los que dirija la luz.
¿Qué indica la señal?;Que por el carril derecho se llega a una senda ciclable.;Que el carril derecho sólo puede ser utilizado por ciclos.;Que el carril derecho sólo puede ser utilizado por ciclos y ciclomotores.;Que el carril derecho sólo puede ser utilizado por ciclos.
¿Cuándo debe desactivar el airbag frontal de un asiento?;En ningún caso.;Cuando en ese asiento viaje una mujer embarazada.;Cuando en ese asiento instale un dispositivo de retención para niños \norientado hacia atrás.;Cuando en ese asiento instale un dispositivo de retención para niños \norientado hacia atrás.
Entra en esta curva a mucha velocidad. ¿Qué puede pasar?;Nada, porque está bien señalizada.;El vehículo se puede ir hacia la izquierda.;El vehículo se puede ir hacia la derecha.;El vehículo se puede ir hacia la derecha.
Utilizar pinzas para retener el cinturón de seguridad...;es conveniente, porque reduce la presión del cinturón sobre el pecho.;es peligroso, porque reduce la eficacia del cinturón.;es necesario, como complemento del airbag, en los vehículos dotados del mismo.;es peligroso, porque reduce la eficacia del cinturón.
¿Qué puede hacer para evitar los peligros que causa el uso del teléfono móvil durante la conducción?;Esperar a detenerse en un semáforo o en un paso de peatones para usarlo.;Detener el vehículo en un lugar seguro para poder usar el teléfono.;Colgar las llamadas cuando suenen.;Detener el vehículo en un lugar seguro para poder usar el teléfono.
¿Está permitido realizar una parada en una autovía o autopista?;Sí, pero sólo en el arcén si es transitable.;Sí, en la mediana o el arcén, indistintamente.;No, sólo se puede parar en zonas habilitadas, como las áreas de descanso.;No, sólo se puede parar en zonas habilitadas, como las áreas de descanso.
¿Cuándo se considera que una vía está insuficientemente iluminada?;Cuando no puedo leer una placa de matrícula a 10 metros.;Cuando no se distinga un vehículo oscuro a 100 metros.;Cuando no puede leer una placa de matrícula a 50 metros.;Cuando no puedo leer una placa de matrícula a 10 metros.
Como norma general, el pedal de cambio de velocidades de una motocicleta, ¿con qué pie se acciona?;Con el pie izquierdo.;Con el pie derecho.;El cambio de velocidades de una motocicleta no se acciona con el pie.;Con el pie izquierdo.
Esta señal indica la proximidad de una intersección...;sin prioridad de paso.;con prioridad de paso.;con prioridad de paso a la derecha.;con prioridad de paso a la derecha.
El lavaparabrisas del vehículo...;necesita que se vigile el nivel de agua de su propio depósito.;necesita que se vigile el nivel del circuito de refrigeración de donde toma el agua.;no necesita ningún mantenimiento.;necesita que se vigile el nivel de agua de su propio depósito.
Por esta carretera convencional, ¿cuál es la velocidad máxima a la que puede adelantar un vehículo turismo?;A 90 km/h.;A 100 km/h.;A 110 km/h.;A 90 km/h.
En los ciclistas, el uso del casco...;no tiene influencia en las lesiones que puedan sufrir.;reduce totalmente la probabilidad de sufrir lesiones en la cabeza.;reduce considerablemente la probabilidad de sufrir lesiones en la cabeza.;reduce considerablemente la probabilidad de sufrir lesiones en la cabeza.
En esta curva de visibilidad reducida, ¿está permitido cambiar de sentido?;Sí, siempre que no se obstaculice a los vehículos que circulen detrás.;No, en ningún caso.;Sí, porque no hay señal que lo prohíba.;No, en ningún caso.
¿Está permitido estacionar en doble fila?;Sí, cuando no haya espacio libre en las proximidades.;Sí, en las vías urbanas, por un tiempo inferior a dos minutos.;No está permitido en ningún caso.;No está permitido en ningún caso.
No debe entrar en una intersección, aunque el semáforo esté en verde, si...;se aproximan vehículos por la derecha.;un agente le ordena detenerse.;hay una señal de stop o de ceda el paso.;un agente le ordena detenerse.
El consumo de combustible es menor si se circula con marchas...;largas y el motor muy revolucionado.;cortas y el motor muy revolucionado.;largas y el motor poco revolucionado.;largas y el motor poco revolucionado.
La señal indica...;puente móvil.;peligro por desbordamiento de un río.;peligro debido a que la vía desemboca en un muelle o en una corriente de agua.;peligro debido a que la vía desemboca en un muelle o en una corriente de agua.
En una carretera convencional, el conductor de una motocicleta, ¿puede rebasar la velocidad máxima genérica en alguna circunstancia?;No, sólo la pueden rebasar los turismos para adelantar.;No, en ningún caso.;Sí, para adelantar, en 20 km/h;No, en ningún caso.
En las isletas de canalización del tráfico situadas en la calzada, ¿se puede parar o estacionar?;Ni parar ni estacionar.;Sólo parar.;Sólo estacionar.;Ni parar ni estacionar.
Hace 6 meses que tiene el permiso de conducción. ¿A qué velocidad máxima puede conducir por una autovía?;A 120 km/h.;A 80 km/h y a 100 km/h para adelantar.;A 80 km/h.;A 120 km/h.
En general, ¿a quiénes afecta más el alcohol?;A los hombres.;A las mujeres.;Los efectos del alcohol no dependen del sexo de la persona.;A las mujeres.
Los accidentes debidos al sueño, ¿suceden también durante el día?;Sí.;No, sólo suceden por las noches.;Sí, pero únicamente a las primeras horas de la tarde.;Sí.
El vehículo rojo, ¿está obligado a ceder el paso en la intersección?;Sí, a los vehículos que se aproximen por la derecha.;Sí, a todos los vehículos.;No.;Sí, a los vehículos que se aproximen por la derecha.
¿Es necesario revisar el funcionamiento del sistema de alumbrado?;No es necesario.;Sí, es parte del mantenimiento preventivo del vehículo.;No, si tiene instaladas luces de xenón.;Sí, es parte del mantenimiento preventivo del vehículo.
¿Cuándo colocaremos a un accidentado en posición de defensa?;Siempre.;Cuando exista peligro de asfixia.;Cuando se encuentre en estado de shock.;Cuando exista peligro de asfixia.
¿Qué efectos produce el alcohol en el conductor?;Un aumento en el tiempo de reacción.;Una disminución en el tiempo de reacción.;Un aumento de la capacidad de reacción.;Un aumento en el tiempo de reacción.
¿Cuál será la velocidad máxima en esta vía?;100 km/h.;90 km/h.;120 km/h.;90 km/h.
¿A qué puede ser debido que se produzca un fallo de los frenos?;A las escobillas gastadas.;Pérdida de líquido de frenos.;Generador en mal estado.;Pérdida de líquido de frenos.
Una autocaravana de 3500 kg de MMA, ¿a qué velocidad máxima puede circular por esta carretera convencional?;90 km/h.;80 km/h.;100 km/h.;90 km/h.
¿Podrá usted efectuar un cambio de dirección hacia la izquierda en esta curva de visibilidad reducida?;Sí, porque no existe línea discontinua que me lo impida.;No, por no disponer de suficiente visibilidad.;Sí, si no veo vehículos en sentido contrario.;No, por no disponer de suficiente visibilidad.
¿Podemos taponar una hemorragia?;No, en ningún caso.;Sí, si la hemorragia fuese externa.;Sí, si es hemorragia exteriorizada.;Sí, si la hemorragia fuese externa.
¿En qué caso de los citados usaremos el alumbrado de largo alcance o carretera?;En travesías insuficientemente iluminadas.;En autopistas suficientemente iluminadas.;En vías para automóviles insuficientemente iluminadas.;En vías para automóviles insuficientemente iluminadas.
¿Podrá usted adelantar en un túnel?;No, en ningún caso.;Sí, a vehículos de dos ruedas.;Sí, cuando se disponga de más de un carril en el mismo sentido de \ncirculación del vehículo al que se pretende adelantar.;Sí, cuando se disponga de más de un carril en el mismo sentido de \ncirculación del vehículo al que se pretende adelantar.
Circulando con hielo en la calzada la distancia de frenado...;Podría ser como máximo el doble de la distancia que en seco.;Podría llegar a ser 10 veces mayor a la normal.;Sería inferior a la recorrida en condiciones normales.;Podría llegar a ser 10 veces mayor a la normal.
Al adelantar al camión de la imagen tendrá en cuenta...;Que su masa autorizada es superior a 3.500 kg.;Que mide más de 2,50 metros de altura.;Que mide más de 12 metros de longitud.;Que mide más de 12 metros de longitud.
Esta señal le advierte del peligro de la presencia inmediata de un...;Paso a nivel con barreras.;Paso a nivel sin barreras y dos vías férreas.;Paso a nivel sin barreras y con más de una vía férrea.;Paso a nivel sin barreras y con más de una vía férrea.
Esta señal...;Aconseja el uso de la luz de corto alcance.;Indica el final de un tramo en el que es obligatorio el alumbrado de corto alcance.;Indica que se puede usar el alumbrado de largo alcance o carretera.;Indica el final de un tramo en el que es obligatorio el alumbrado de corto alcance.
Llevar los neumáticos con poca presión, ¿afectará al consumo de combustible?;No, el consumo no se verá afectado.;Sí, el vehículo consumirá menos combustible.;Sí, el vehículo consumirá más combustible.;Sí, el vehículo consumirá más combustible.
Esta señal indica...;Peligro por obstrucción en la calzada.;Peligro por pavimento deslizante.;Peligro por escalón lateral hacia la derecha.;Peligro por pavimento deslizante.
El vehículo que se encuentra la señal, ¿a quién tendrá que ceder el paso?;A todos los vehículos que se acerquen por la vía transversal.;Sólo al vehículo que se le acerca por la derecha.;A ningún vehículo, tiene prioridad de paso.;Sólo al vehículo que se le acerca por la derecha.
Si no hay señalización expresa, ¿cuál es la velocidad máxima que tendremos en esta vía?;30 km/h.;20 km/h.;50 km/h.;30 km/h.
¿Qué le indica el agente?;Obliga a detenerse a todos los usuarios de la vía.;Obliga a detenerse a los vehículos que se acerquen de frente al agente.;Obliga a detenerse a todos los usuarios de la vía que se acerquen al agente.;Obliga a detenerse a todos los usuarios de la vía que se acerquen al agente.
¿Podremos estacionar sobre esta línea amarilla en zigzag?;No, no puede estacionar ningún vehículo.;No, sólo pueden estacionar los vehículos de transporte colectivo.;No podremos estacionar ni parar.;No, no puede estacionar ningún vehículo.
¿A qué velocidad circularemos como máximo en un carril reversible?;80 km/h.;60 km/h.;A la genérica de la vía.;A la genérica de la vía.
¿En un túnel podremos realizar un cambio de sentido?;No, porque está prohibido.;Sí, si no tengo que maniobrar.;Sí, teniendo suficiente visibilidad.;No, porque está prohibido.
Este panel, ¿qué indica?;La distancia desde el lugar donde está la señal a aquél en que \ncomienza el peligro.;La longitud en que existe pavimento en mal estado.;La longitud en que existe el peligro.;La longitud en que existe el peligro.
¿Qué indica la señal?;Peligro, paso frecuentado por animales en libertad.;Peligro, coto de caza.;Parque nacional.;Peligro, paso frecuentado por animales en libertad.
Hay hielo en la vía. ¿Qué debe hacer?;Circular pisando el freno intermitentemente.;Circular a poca velocidad para no tener que frenar.;Circular con el pie en el embrague.;Circular a poca velocidad para no tener que frenar.
Esta señal, ¿qué indica?;La velocidad máxima aconsejada.;La velocidad máxima permitida.;La velocidad mínima aconsejada.;La velocidad máxima permitida.
¿Cómo debe realizarse un cambio de carril en una vía saturada?;Utilizando el arcén.;Realizando la maniobra rápidamente para no estorbar.;Advirtiéndolo con suficiente antelación.;Advirtiéndolo con suficiente antelación.
Al incorporarse a la autopista por el carril de aceleración, debe...;acelerar hasta alcanzar la velocidad adecuada al final del carril.;disminuir la velocidad y detenerse al final del carril, obligatoriamente.;acelerar hasta alcanzar obligatoriamente 120 km/h al final del carril.;acelerar hasta alcanzar la velocidad adecuada al final del carril.
Si la luz del semáforo pasa a verde y el agente mantiene el brazo en alto, ¿puede pasar?;Sí, porque la luz verde me lo permite.;No, porque la señal del agente tiene prioridad respecto a las otras dos señales.;Sí, siempre que antes de cruzar deje pasar a todos los vehículos.;No, porque la señal del agente tiene prioridad respecto a las otras dos señales.
Su vehículo queda detenido por una avería en el arcén, ¿debe señalizarlo?;Sí, con la señal de emergencia y el dispositivo de preseñalización de peligro.;No, en el arcén no es necesario.;Sí, únicamente con el dispositivo de preseñalización de peligro.;Sí, con la señal de emergencia y el dispositivo de preseñalización de peligro.
Mientras se reposta carburante en una motocicleta, ¿es obligatorio apagar el alumbrado?;Sí.;No, se debe dejar encendida la luz de cruce.;No, se debe dejar encendida la luz de posición.;Sí
¿Cuál de los siguientes factores hace que aumente la fatiga cuando se conduce?;Las congestiones y retenciones de tráfico.;Los asientos demasiado blandos.;La luz solar.;Las congestiones y retenciones de tráfico.
¿Qué debe hacer si durante la marcha su vehículo no puede alcanzar la velocidad mínima exigida y existe peligro de alcance?;Utilizar la señal de emergencia.;Pisar de forma intermitente el freno para advertir con las luces de frenado \nque va a reducir la marcha.;Realizar destellos con las luces de largo alcance.;Utilizar la señal de emergencia.
En caso de un accidente donde la ayuda ya está organizada, ¿debe detenerse a prestar auxilio?;Sí, en vías interurbanas o donde no exista poste SOS.;No, si no está implicado debe continuar la marcha.;Sí, debe detenerse y colaborar siempre.;No, si no está implicado debe continuar la marcha.
¿Es obligatorio llevar un extintor de incendios en un turismo destinado al servicio privado?;Sí.;No.;Sí, cuando transporte a más de 5 personas incluido el conductor.;No.
Los ciclistas, ¿pueden quitarse el casco en vías interurbanas?;No.;En caso de rampas ascendentes prolongadas, en condiciones extremas \nde calor o por razones médicas.;Sólo en rampas ascendentes prolongadas.;En caso de rampas ascendentes prolongadas, en condiciones extremas \nde calor o por razones médicas.
Ante un semáforo circular de color amarillo fijo, ¿hay que detenerse?;No, pero sí obliga a pasar con precaución.;Sí, a no ser que no pueda hacerse en condiciones de seguridad.;No, porque únicamente avisa que va a cambiar a color rojo.;Sí, a no ser que no pueda hacerse en condiciones de seguridad.
¿Qué vehículos tienen permitido circular por un carril habilitado, por razones de fluidez, en sentido contrario al habitual?;Automóviles y vehículos con remolque hasta 750 kg de M.M.A.;Automóviles que superen los 3.500 kg de M.M.A. y motocicletas.;Sólo turismos y motocicletas.;Sólo turismos y motocicletas.
¿Qué le permiten los espejos retrovisores?;Observar únicamente lo que está detrás del vehículo.;Evitar los ángulos muertos.;Observar en todo momento lo que rodea al vehículo.;Observar en todo momento lo que rodea al vehículo.
A la vista de la señal, ¿qué vehículos tendrán prioridad de paso?;Los que se aproximen en sentido contrario.;Los que se encuentren la señal.;Los camiones.;Los que se encuentren la señal.
¿En qué documento debemos consultar la fecha de la siguiente revisión en la ITV?;En el permiso de conducir.;En la tarjeta de inspección técnica.;En la carta verde.;En la tarjeta de inspección técnica.
Para adelantar al ciclista de la imagen, ¿podemos rebasar la línea continua?;No, porque puedo dejar 1,50 metros de separación lateral sin tener que rebasarla.;Sí.;No, tendré que esperar a encontrar discontinua.;Sí.
Si por necesidades de la circulación su vehículo queda detenido en un paso inferior deberá...;Apagar el motor, conectar la señal de emergencia y mantener encendidas \nlas luces de posición.;Abandonar el vehículo dirigiéndome rápidamente al refugio o salida más próxima.;Apagar todos los sistemas eléctricos.;Apagar el motor, conectar la señal de emergencia y mantener encendidas \nlas luces de posición.
En un paso a nivel, ¿qué debe hacer si la barrera está subiendo?;Pasar cuando lo hagan el resto de vehículos, se mueva o no la barrera.;Pasar cuando, por la altura, la barrera lo permita.;Detenerse detrás de los demás vehículos, hasta que la barrera suba \ntotalmente y permita el paso.;Detenerse detrás de los demás vehículos, hasta que la barrera suba \ntotalmente y permita el paso.
¿Está permitido conducir un camión con el permiso de la clase B?;Sí, cualquiera que sea la M.M.A del camión.;Sí, cuando su M.M.A no sea superior a 3.500 kg.;No, en ningún caso.;Sí, cuando su M.M.A no sea superior a 3.500 kg.
Estas marcas viales indican que...;es una vía de servicio.;es una vía de atención preferente.;es una zona que está en obras.;es una zona que está en obras.
¿Cuándo está prohibido adelantar en los túneles?;Cuando el túnel no está iluminado.;Cuando solo existe un carril para cada sentido.;Cuando existe más de un carril para cada sentido.;Cuando solo existe un carril para cada sentido.
En una calzada con dos sentidos hay un refugio en el centro. ¿Por qué lado está permitido circular?;Por el lado derecho del refugio.;Por cualquiera de ellos, indistintamente.;Por el lado izquierdo del refugio.;Por el lado derecho del refugio.
En este tramo de vía, ¿cuál es la velocidad máxima?;La que indica la señalización.;La que indica la señalización, más 20 km/h para adelantar.;La máxima genérica de 90 km/h, para adelantar.;La que indica la señalización.
Advertir a otros usuarios de que se va a realizar una maniobra, ¿es obligatorio?;No, sólo es obligatorio advertir a los conductores.;No, pero es siempre muy aconsejable.;Sí, siempre.;Sí, siempre.
Esta línea discontinua, ¿qué indica?;Un carril especial.;La cercanía a una línea longitudinal continua.;Un carril reversible.;Un carril especial.
¿Puede circular por este cebreado conduciendo un ciclomotor?;Sí, porque está obligado a circular por el arcén, por esa zona.;No, ningún vehículo puede circular.;Sí, cuando lo tenga que utilizar para realizar un giro a la izquierda.;Sí, porque está obligado a circular por el arcén, por esa zona.
Aunque esté prohibido el adelantamiento, un turismo podrá rebasar, incluso invadiendo el sentido contrario, a...;cualquier camión.;conductores de bicicletas.;cualquier autobús o camión que circule lentamente.;conductores de bicicletas.
La luz verde de un semáforo circular para vehículos, indica que...;está permitido el paso y con preferencia de paso.;debe ceder el paso a los demás vehículos.;puede pasar, cediendo el paso a los peatones;está permitido el paso y con preferencia de paso.
¿Está permitido advertir con el brazo que va a efectuar una maniobra?;No, porque no se deben sacar los brazos fuera del turismo.;No, debe advertirlo también con los intermitentes.;Sí, cuando la señal sea perceptible para los demás usuarios.;Sí, cuando la señal sea perceptible para los demás usuarios.
La señal afecta a...;todos los vehículos cuya masa máxima en carga supere la indicada.;los vehículos de transporte de mercancías, exclusivamente.;los vehículos automóviles, exclusivamente.;todos los vehículos cuya masa máxima en carga supere la indicada.
En esta vía de poblado, ¿a qué velocidad como máximo podremos circular en ausencia de señalización específica?;A 20 km/h.;A 50 km/h.;A 30 km/h.;A 30 km/h.
Por causa de avería y durante el día, ¿qué deberá hacer en caso de una inmovilización del vehículo en una autopista?;Colocar 2 triángulos de preseñalización de peligro a 50 metros y visibles \na 100 metros.;Colocar el dispositivo de preseñalización de peligro en la parte más alta \nposible del vehículo inmovilizado garantizado su máxima visibilidad, \ny encender el alumbrado de emergencia.;Avisar lo antes posible mediante un poste de SOS.;Colocar el dispositivo de preseñalización de peligro en la parte más alta \nposible del vehículo inmovilizado garantizado su máxima visibilidad, \ny encender el alumbrado de emergencia.
¿Debemos tapar a un herido?;Sí, si te lo pide.;Sólo en invierno si las temperaturas son muy bajas.;Sí, siempre.;Sí, siempre.
¿Cuál será la tasa máxima de alcohol en sangre durante los 2 años siguientes a la obtención del primer permiso de conducción?;0,5 gramos de alcohol por litro de sangre.;0,3 gramos de alcohol por litro de sangre.;0,25 gramos de alcohol por litro de sangre.;0,3 gramos de alcohol por litro de sangre.
¿Los medicamentos para el resfriado pueden afectar la conducción?;Sí, pueden dar somnolencia.;No afectan.;Sí, sólo si los tomamos en grandes dosis.;Sí, pueden dar somnolencia.
¿Cómo procederemos en caso de derrape?;Frenaremos fuertemente para detener el vehículo lo antes posible.;No frenaremos.;Pisaremos el embrague para desconectar la fuerza de retención del motor.;No frenaremos.
Dos vehículos del mismo tipo se encuentran en un estrechamiento y no se sabe cuál tiene preferencia, ¿cuál de ellos tiene prioridad?;El vehículo que tenga que dar marcha atrás mayor distancia.;El vehículo que tenga que dar marcha atrás una menor distancia.;El vehículo que tenga mayor anchura o longitud.;El vehículo que tenga que dar marcha atrás mayor distancia.
¿Qué indica la señal?;Precaución, túnel o tramo de escasa visibilidad.;Fin de obligación de alumbrado de corto alcance.;Alumbrado de corto alcance obligatorio.;Fin de obligación de alumbrado de corto alcance.
Las motocicletas, ciclomotores o vehículos de tres ruedas, ¿pueden arrastrar un remolque o semirremolque?;No.;Sí, siempre que, entre otros requisitos, sea de día y en condiciones \nque no disminuyan la visibilidad.;Sí, y además pueden transportar personas en el remolque;Sí, siempre que, entre otros requisitos, sea de día y en condiciones \nque no disminuyan la visibilidad.
En esta vía, ¿por dónde debe circular un ciclomotor?;Por el centro del carril derecho para que los demás usuarios de la \nvía puedan verle.;Como no tiene arcén, los ciclomotores no pueden circular.;Por la calzada, lo más cerca posible del borde derecho.;Por la calzada, lo más cerca posible del borde derecho.
Un conductor que gira para entrar en otra vía, ¿debe ceder el paso a un peatón que esté cruzándola?;Sólo cuando exista un paso para peatones señalizado.;Sí.;No.;Sí.
Un carril delimitado por marcas longitudinales dobles discontinuas es un carril...;reversible.;adicional de circulación.;de utilización en sentido contrario al habitual.;reversible.
¿Un turismo podrá circular por el carril situado más a la derecha?;Sí, los turismos podrán circular opcionalmente mientras que las bicicletas \ndeberán usarlo obligatoriamente.;No.;Sí, si no hay ningún ciclo usando dicho carril.;No.
¿Podremos estacionar en un carril reservado para autobuses?;No.;Sí, podremos parar pero no estacionar.;Podremos parar pero menos de 2 minutos.;No.
¿En un túnel podemos efectuar un adelantamiento?;No, en ningún caso.;Sí, si no invadimos el sentido contrario y disponemos de más de un carril \nen nuestro sentido.;Sí, si las circunstancias de la circulación lo permiten.;Sí, si no invadimos el sentido contrario y disponemos de más de un carril \nen nuestro sentido.
Las cargas que sobresalen por detrás del vehículo, ¿se señalizarán con este panel?;Sí, y además con una luz de color rojo tanto de día como de noche.;Sí, y además con un trapo de color rojo vivo.;Sí, y además si es de noche con una luz de color rojo.;Sí, y además si es de noche con una luz de color rojo.
Si al accionar los frenos aparecen chirridos o ruidos metálicos será debido a que...;El nivel de líquido de frenos está por debajo del mínimo.;Ha entrado aire en el circuito de frenado.;Las pastillas de freno se han gastado y requieren su sustitución.;Las pastillas de freno se han gastado y requieren su sustitución.
Si por causa de una avería circulamos por una autopista a velocidad inferior a 60 km/h, ¿por dónde lo haremos?;Por el arcén, abandonando la autopista en la salida más próxima.;Por la calzada si no perturbamos gravemente la circulación, abandonando \nla autopista en la salida más próxima.;Pararemos en el arcén y esperaremos la llegada de la grúa.;Por la calzada si no perturbamos gravemente la circulación, abandonando \nla autopista en la salida más próxima.
Los efectos del alcohol en nuestro organismo serán mayores...;Una hora después de tomar la última copa.;Media hora después de tomar la última copa.;Cuatro horas después de tomar la última copa.;Una hora después de tomar la última copa.
¿Circula correctamente el vehículo que lo hace por el carril adicional?;Sí.;No, porque no lleva el alumbrado de cruce encendido.;No, porque pisa la línea del arcén.;Sí.
Un neumático con más presión que la recomendada por el fabricante provocará...;Un mayor desgaste debido al calentamiento.;Falta de adherencia al asfalto.;Mayor agarre del dibujo al pavimento.;Falta de adherencia al asfalto.
¿Qué indica esta señal?;Prohibida la circulación.;Fin de prohibiciones.;Que tenemos prioridad en todas las intersecciones.;Fin de prohibiciones.
¿Cuando finalizará la prohibición de circular como máximo a 30 km/h?;Cuando encuentre la señal de fin de prohibiciones.;Cuando finalice el peligro indicado en el mismo panel.;Cuando encuentre otra señal distinta de limitación de velocidad.;Cuando finalice el peligro indicado en el mismo panel.
Si quiero incorporarme a la circulación efectuando marcha atrás, ¿qué precauciones debo tomar?;No recorrer una distancia mayor de 15 metros.;Incorporarme aunque invada un cruce de vías.;No recorrer más de 40 metros.;No recorrer una distancia mayor de 15 metros.
Si su intención es adelantar al vehículo de la imagen tendrá en cuenta que...;Mide más de 12 metros.;Transporta mercancías peligrosas.;Se trata de un vehículo especial.;Mide más de 12 metros.
En una autopista urbana en la que no se indica límite de velocidad, ¿a qué velocidad circularemos como máximo?;50 km/h.;120 km/h.;80 km/h.;80 km/h.
Circulando en un túnel, ¿qué distancia de seguridad debemos mantener con el vehículo que nos precede?;150 metros como mínimo.;100 metros como mínimo.;50 metros como mínimo.;100 metros como mínimo.
¿Qué indica esta señal?;Zona de circulación especialmente acondicionada que está destinada \nen primer lugar a los peatones.;Calle residencial.;Indica que la velocidad máxima de los vehículos está fijada en 30 km/h \ny la prioridad entre vehículos y peatones se regirá por la norma general.;Zona de circulación especialmente acondicionada que está destinada \nen primer lugar a los peatones.
Si al circular observamos que el semáforo cambia de verde a amarillo, ¿cómo actuaremos?;Nos detendremos en las mismas condiciones como si de una luz roja \nse tratase, siempre.;Continuaremos si no podemos detenernos en condiciones de seguridad \nsuficientes, por estar el vehículo muy cerca del lugar de detención.;Pasaremos si circulamos a mucha velocidad.;Continuaremos si no podemos detenernos en condiciones de seguridad \nsuficientes, por estar el vehículo muy cerca del lugar de detención.
Circulando por una vía frecuentada por peatones, especialmente niños o ancianos, ¿qué haremos?;Reducir la velocidad, incluso llegando a detenerme.;Adoptaré las medidas necesarias para su seguridad, sin tener que \nmoderar obligatoriamente la velocidad.;Reducir la velocidad, sin necesidad de detenerme.;Reducir la velocidad, incluso llegando a detenerme.
¿Cómo comprobaremos la presión de los neumáticos?;Con los neumáticos fríos.;Con los neumáticos calientes.;Los neumáticos modernos no requieren mantenimiento.;Con los neumáticos fríos.
¿Las bicicletas pueden llevar remolque?;Sí, con unas condiciones específicas.;Sí, siempre.;No.;Sí, con unas condiciones específicas.
¿Qué le indica esta señal?;Principio de autovía.;Principio de autopista o autovía.;Principio de autopista.;Principio de autopista.
¿Podremos realizar un cambio de dirección a la vista de esta señal?;No, sólo podemos continuar de frente.;Sí, tanto a la derecha como a la izquierda.;Sí, además de un cambio de sentido.;Sí, tanto a la derecha como a la izquierda.
¿Qué significa esta señal?;Prohibido estacionar por vado.;Estacionamiento limitado en tiempo.;Estacionamiento prohibido.;Estacionamiento limitado en tiempo.
Si realizamos una frenada utilizando el freno motor, ¿qué sucederá?;Se desgastará el cambio de marchas.;Consumiremos menos combustible.;Se bloquearán las ruedas directrices.;Consumiremos menos combustible.
¿El pasajero de una moto debe llevar abrochado el casco?;Sí, y además el conductor es responsable de que lo lleve abrochado.;Sí, siendo el pasajero el único responsable.;No es obligatorio, pero si aconsejable.;Sí, y además el conductor es responsable de que lo lleve abrochado.
¿Cuántos chalecos reflectantes, como mínimo, se deben llevar en el vehículo?;Uno.;Dos.;Tantos como plazas tenga el vehículo.;Uno.
¿A cuántos metros tendrán que ser visibles los elementos reflectantes de los peatones?;A 150 metros.;A 100 metros.;A 50 metros.;A 150 metros.
¿Qué significa esta señal?;Recuerda que encendamos las luces de corto alcance.;Obliga a encender alguna luz.;Obliga a encender la luz de corto alcance, como mínimo.;Obliga a encender la luz de corto alcance, como mínimo.
¿Qué significa está señal?;Calzada de 2 carriles con bifurcación hacia la izquierda.;Calzada de 3 carriles con bifurcación hacia la izquierda.;Calzada de 3 carriles con bifurcación hacia la derecha.;Calzada de 3 carriles con bifurcación hacia la izquierda.
¿Qué significa una luz amarilla fija?;Extremar la precaución.;Igual que una luz roja, detenerse en condiciones de seguridad.;Ceder el paso.;Igual que una luz roja, detenerse en condiciones de seguridad.
¿Qué indica el agente?;Obliga a detenerse a todos los usuarios de la vía que se le acerquen de frente.;Obliga a detenerse a todos los usuarios de la vía que se le acerquen.;Obliga a detenerse sólo a los conductores que se le acerquen.;Obliga a detenerse a todos los usuarios de la vía que se le acerquen.
Si nuestro vehículo patina por la parte posterior, ¿qué deberemos hacer?;Girar el volante hacia el mismo lado que patina el vehículo.;Girar el volante hacia el lado contrario al que patina el vehículo.;Mantener las ruedas rectas y frenar a fondo.;Girar el volante hacia el mismo lado que patina el vehículo.
Cuando conduciendo su turismo adelante a un peatón por una vía fuera de poblado, ¿qué separación lateral de seguridad deberá dejar?; 1,50 metros como máximo.;Un margen de seguridad proporcional a la anchura y características de la vía.;1,5 metros como mínimo, ocupando de forma parcial o total el carril \ncontiguo y siempre que existan las condiciones precisas.;1,5 metros como mínimo, ocupando de forma parcial o total el carril \ncontiguo y siempre que existan las condiciones precisas.
¿Qué efectos produce el alcohol en el conductor?;Un aumento en el tiempo de reacción.;Una disminución en el tiempo de reacción.;Un aumento de la capacidad de reacción.;Un aumento en el tiempo de reacción.
¿Cuando finaliza la prohibición de circular como máximo a 40 km/h?;Cuando termine el peligro indicado.;Hasta que encuentre una señal de fin de prohibición.;Hasta que encuentra una señal de fin de obligación.;Cuando termine el peligro indicado.
Circulando durante el día con niebla y sin disponer de alumbrado antiniebla delantero, ¿qué alumbrado utilizaremos?;Usaremos la luz de corto o largo alcance.;Usaremos solamente la luz de corto alcance.;Usaremos el alumbrado posterior antiniebla.;Usaremos la luz de corto o largo alcance.
Si circulamos detrás de un camión de más 3.500 kg de MMA, ¿qué es lo que puede ocurrir a partir de esta señal?;Que el camión acelere y aumente su velocidad.;Que el camión salpique gravilla.;Que el camión ralentice considerablemente su marcha.;Que el camión ralentice considerablemente su marcha.
¿Qué indica un agente que balancea una luz amarilla?;Obliga a detenerse a los usuarios de la vía a los que el agente dirija la luz.;Obliga a disminuir la velocidad a los conductores que se acerquen al agente.;Obliga a pasar por el lado que indica la luz.;Obliga a detenerse a los usuarios de la vía a los que el agente dirija la luz.
¿Cuál es la velocidad mínima en una autovía?;120 km/h.;60 km/h.;90 km/h.;60 km/h.
Un ciclomotor, ¿puede llevar equipaje que sobresalga lateralmente?;No.;Sí, 50 centímetros por cada lado de su eje longitudinal.;Sí, 40 centímetros por cada lado.;Sí, 50 centímetros por cada lado de su eje longitudinal.
Si circulamos a velocidad anormalmente reducida por una autopista, ¿qué debemos hacer?;Salir por la próxima salida.;Llegar hasta nuestro destino con precaución.;Seguir circulando sin cambiarnos de carril.;Salir por la próxima salida.
¿Cómo subiremos una pendiente ascendente que esté nevada?;De la forma más rápida posible, porque si el vehículo se cala patinará hacia atrás.;Con la marcha más corta posible acelerando al máximo.;Con suavidad y con una velocidad sostenida.;Con suavidad y con una velocidad sostenida.
Si observamos el conductor de un vehículo con la palma de la mano hacia atrás, ¿qué nos indica?;Que va a girar a la izquierda.;Que va a girar a la derecha.;Que va a dar marcha atrás.;Que va a dar marcha atrás.
¿Cómo actuaremos ante un herido?;Le proporcionaremos zumo de fruta muy azucarado para prevenir una \nposible hipoglucemia.;Le proporcionaremos los medicamentos necesarios.;Le inmovilizaremos el cuello.;Le inmovilizaremos el cuello.
¿Qué nos indica este panel?;Nos indica una información que podemos o no atender.;Nos indica un peligro y la obligación de llevar cadenas.;Nos indica una obligación.;Nos indica un peligro y la obligación de llevar cadenas.
En el caso de la imagen, ¿quién tiene prioridad?;El vehículo amarillo porque circula por la vía principal.;El vehículo azul, se aproxima por la derecha del amarillo.;El vehículo amarillo porque sigue de frente mientras que el azul tiene \nque cambiar de dirección.;El vehículo azul, se aproxima por la derecha del amarillo.
¿A qué velocidad máxima podremos circular en esta vía?;90 km/h, mas 20 k/h al adelantar;90 km/h.;100 km/h.;90 km/h.
¿Se puede estacionar en doble fila?;No.;Sí, siempre y cuando lo hagamos por un tiempo inferior a dos minutos.;Sí.;No.
En una detención prolongada, ¿cuál de estas acciones es una medida de ahorro?;Poner punto muerto y accionar el freno de mano.;Accionar el freno de mano y apagar el motor.;Presionar el embrague y poner la primera marcha.;Accionar el freno de mano y apagar el motor.
En una vía urbana con plataforma única de calzada y acera, ¿cuál será la velocidad máxima a la que podremos circular?;30 km/h.;20 km/h.;50 km/h.;20 km/h.
¿Cómo deberá ser la distancia de detención en relación a la distancia a la que se encuentra un obstáculo?;Menor que la distancia a la que se encuentra el obstáculo.;Igual que la distancia a la que se encuentra el obstáculo.;Mayor que la distancia a la que se encuentra el obstáculo.;Menor que la distancia a la que se encuentra el obstáculo.
¿Qué luces antiniebla es obligatorio llevar con niebla densa durante el día?;Luz antiniebla trasera.;Luz antiniebla delantera.;Luz antiniebla delantera y trasera.;Luz antiniebla trasera.
¿Qué debemos hacer si al encontrarnos un accidente de tráfico no sabemos cómo auxiliar a los heridos?;Continuar la marcha.;Trasladar a los heridos con nuestro vehículo al hospital.;Llamar al teléfono de urgencias.;Llamar al teléfono de urgencias.
¿Cuándo es más peligrosa la lluvia?;Cuando empieza a llover.;Cuando llueve intensamente.;Cuando llueve después de haber nevado.;Cuando empieza a llover.
¿Qué significa esta señal?;Obstrucción en la calzada debido a avería accidente u otras causas.;Que la circulación se encuentra dificultada por congestión de tráfico.;Proximidad de una zona de la calzada cuyo pavimento puede resultar deslizante.;Obstrucción en la calzada debido a avería accidente u otras causas.
El uso del cinturón de seguridad es obligatorio...;Para todos los ocupantes del vehículo y en todas las vías.;Sólo al circular por vías interurbanas.;En todo caso, pero sólo para el conductor y el acompañante.;Para todos los ocupantes del vehículo y en todas las vías.
Las luces de cruce, ¿en algún caso podrán resultar deslumbrantes para los demás usuarios de la vía?;Sí, si están mal regladas.;No, sólo deslumbran las de carretera.;No, sólo deslumbran las de carretera y las antiniebla posteriores.;Sí, si están mal regladas.
Cuando al accionar la llave de contacto el motor de arranque no gira y las luces tienden a extinguirse, ¿a qué puede ser debido?;La batería tiene poca carga.;La correa del ventilador está destensada.;Falta de líquido de refrigeración.;La batería tiene poca carga.
La presión de inflado de la rueda de repuesto será...;La que recomiende el fabricante.;La más alta de las recomendadas por el fabricante.;La más baja de las recomendadas por el fabricante.;La más alta de las recomendadas por el fabricante.
Para adelantar al ciclista de la imagen, ¿podemos rebasar la línea continua?;No, porque puedo dejar 1,50 metros de separación lateral sin tener que rebasarla.;Sí.;No, tendré que esperar a encontrar discontinua.;Sí.
Este vehículo se está incorporando a la circulación, ¿lo hace correctamente?;Sí, porque no recorre más de 15 metros.;No, porque invade un cruce de vías.;No, la marcha atrás siempre está prohibida.;No, porque invade un cruce de vías.
¿Qué significa la marca vial amarilla de la imagen?;Prohíbe detenerse y pararse encima de ella.;Recuerda la prohibición de no penetrar con el vehículo en una intersección  \nsi previsiblemente pueda quedar detenido, impidiendo la circulación \ntransversal.;Prohíbe estacionar pero permite parar.;Recuerda la prohibición de no penetrar con el vehículo en una intersección \nsi previsiblemente pueda quedar detenido, impidiendo la circulación \ntransversal.
¿Cuál es la velocidad máxima en esta vía?;100 km/h.;100 km/h en el sentido en el que existen los dos carriles y 90 km/h en \nel sentido contrario.;90 km/h.;90 km/h.
¿A qué velocidad como máximo podremos circular en el preciso instante en el que observamos esta señal?;50 km/h.;90 km/h.;110 km/h.;50 km/h.
Para realizar un viaje, ¿es recomendable tener en cuenta la hora de salida en función del sol?;No, es indiferente.;Sí, mejor circular durante la noche porque es más descansado.;Sí, para evitar el deslumbramiento del sol.;Sí, para evitar el deslumbramiento del sol.
En caso de niebla, ¿se podrá usar la luz de largo alcance?;Sí, fuera de poblado y si no hay peligro de deslumbramiento.;No.;Sí, siempre que sea entre el ocaso y la salida del sol.;Sí, fuera de poblado y si no hay peligro de deslumbramiento.
Colocar a los heridos en posición lateral de seguridad o defensa sirve para...;Estar más cómodo.;Evitar que se asfixien si comienzan a vomitar.;Poder hacerles la respiración artificial.;Evitar que se asfixien si comienzan a vomitar.
¿Cuál es la velocidad máxima a la que se podrá circular en una autovía dentro de poblado?;120 km/h.;80 km/h.;100 km/h.;80 km/h.
¿Qué distancia mantendremos con el vehículo que nos precede al circular por un túnel?;150 metros como mínimo.;100 metros como mínimo.;50 metros como mínimo.;100 metros como mínimo.
¿Qué indican estas señales?;Paso a nivel con barreras a la derecha.;Proximidad de paso a nivel sin barreras a la derecha.;Proximidad de paso a nivel sin barreras a la izquierda.;Proximidad de paso a nivel sin barreras a la derecha.
¿A qué velocidad podremos circular por esta vía?;90 km/h.;100 km/h.;80 km/h.;90 km/h.
El vehículo rojo está parado en el arcén transitable de esta vía, ¿lo hace de forma correcta?;Sí, porque está parado. No sería correcto si estuviese estacionado.;No, en la parte transitable del arcén no se puede parar ni estacionar.;Sí, en el arcén se puede parar y estacionar siempre que no estorbemos.; No, en la parte transitable del arcén no se puede parar ni estacionar.
En caso de que la batería de nuestro vehículo precise mantenimiento...;Comprobaremos el nivel de líquido de los vasos y que los bornes estén \nlimpios y secos.;Comprobaremos que los bornes estén limpios y untados de grasa antiácido.;La sustituiremos cada año o cada 10.000 km.;Comprobaremos el nivel de líquido de los vasos y que los bornes estén \nlimpios y secos.
Los efectos del alcohol...;Disminuyen el campo de visión.;Disminuyen la distancia de reacción.;Aumentan la capacidad de reacción.;Disminuyen el campo de visión.
La señal indica el paso de dos a tres carriles de circulación y además...;La velocidad máxima en cada uno de ellos.;La velocidad mínima en cada uno de ellos.;La velocidad máxima aconsejada en cada uno de ellos.;La velocidad máxima en cada uno de ellos.
En una autopista urbana, ¿por dónde circularemos?;Por el carril que mejor convenga a nuestro destino.;Por el carril de la derecha, normalmente.;Por el carril central, normalmente.;Por el carril de la derecha, normalmente.
¿Cuál será la velocidad máxima para un vehículo mixto adaptable en una carretera convencional?;60 km/h.;90 km/h.;70 km/h.;90 km/h.
¿Cuándo usaremos la luz de emergencia?;Sólo cuando el vehículo esté detenido por una avería o accidente.;Cuando el vehículo no pueda alcanzar la velocidad mínima exigida y exista \npeligro de colisión por alcance.;Sólo cuando sea de noche.;Cuando el vehículo no pueda alcanzar la velocidad mínima exigida y exista \npeligro de colisión por alcance.
En esta intersección, ¿qué vehículo pasará en último lugar si el vehículo rojo gira hacia la izquierda?;El vehículo verde.;El vehículo rojo.;El vehículo azul.;El vehículo verde.
¿Podremos desconectar el airbag delantero del acompañante en algún caso?;No, es obligatorio llevarlo siempre conectado.;Sí.;Sólo en el caso de que no llevemos pasajeros.;Sí.
¿Qué separación lateral mantendremos al adelantar una bicicleta dentro de poblado?;1,5 metros como mínimo;1.5 metros como máximo.;Una separación lateral, suficiente para realizar la maniobra con \nseguridad, que deberá ser proporcional, a la anchura de la vía y a \nla velocidad a la que se adelante;1,5 metros como mínimo
¿Cuál será la tasa máxima de alcohol en sangre durante los 2 años siguientes a la obtención del primer permiso de conducción?;0,5 gramos de alcohol por litro de sangre.;0,3 gramos de alcohol por litro de sangre.;0,25 gramos de alcohol por litro de sangre.;0,3 gramos de alcohol por litro de sangre.
Para circular de forma segura la profundidad mínima de las ranuras del dibujo de los neumáticos será de...;1,6 milímetros.;1,5 milímetros.;1,2 milímetros.;1,6 milímetros.
Si presenciamos un accidente en el que no estamos implicados, ¿debemos parar y prestar auxilio?;Sí, tenemos la obligación de prestar auxilio.;No, sólo prestaremos auxilio cuando estemos directamente implicados \nen el accidente.;No.;Sí, tenemos la obligación de prestar auxilio.
¿Circularemos correctamente por la calzada de una autopista a 60 km/h?;No, deberemos circular por el arcén.;Sí, siempre que no perturbemos la marcha de otros vehículos.;Sí.;Sí.
¿El consumo de combustible del vehículo tiene relación con la contaminación producida por éste?;No, un vehículo que realice las revisiones correspondientes no contamina.;Sí, a mayor consumo mayor contaminación.;Sí, a mayor consumo menor contaminación.;Sí, a mayor consumo mayor contaminación.
¿Cómo actuaremos al observar un semáforo con una luz amarilla no intermitente?;Pasaremos con precaución, cediendo el paso a derecha e izquierda.;Nos detendremos como si de rojo fijo se tratase.;Extremaremos las precauciones.;Nos detendremos como si de rojo fijo se tratase.
¿Qué indica un agente que mueve el brazo de arriba abajo alternativamente?;Que debemos detener la marcha.;Que debemos reducir la velocidad.;Que debemos girar a la derecha.;Que debemos reducir la velocidad.
¿Cuál de estas medidas supondrá un ahorro de combustible?;Utilizar combustible de octanaje inferior al recomendado por el fabricante.;Parar el motor durante detenciones prolongadas.;Poner el cambio de velocidades en punto muerto antes de detenernos totalmente.;Parar el motor durante detenciones prolongadas.
Esta señal, ¿qué indica?;Área de descanso.;Merendero.;Área de servicio.;Área de descanso.